"sentence_id"	"factuality"
"340647944"	"EXPERIENCE"
"34064794411"	"FACT"
"1945794015"	"EXPERIENCE"
"2231231231"	"OPINION"
"1353358715"	"NOT_LABELED"
"651514332"	"FACT"
"1308334390"	"FACT"
"1700511941"	"FACT"
"1448128037"	"FACT"
"1046850526"	"FACT"
"2108873182"	"FACT"
"1061058322"	"OPINION"
"1159907466"	"OPINION"
"1773141681"	"NOT_LABELED"
"6515143322"	"FACT"
"13083343902"	"FACT"
"17005119412"	"FACT"
"14481280372"	"FACT"
"10468505262"	"FACT"
"21088731822"	"FACT"
"10610583222"	"OPINION"
"11599074662"	"OPINION"
"17731416812"	"NOT_LABELED"
"1057061945"	"OPINION"
"279739984"	"OPINION"
"1958330316"	"NOT_LABELED"
"416595132"	"NOT_LABELED"
"324941305"	"OPINION"
"1970719680"	"NOT_LABELED"
"6941845"	"NOT_LABELED"
"385968463"	"EXPERIENCE"
"1098843351"	"OPINION"
"1600881882"	"EXPERIENCE"
"1437689303"	"NOT_LABELED"
"1706106055"	"OPINION"
"767391713"	"NOT_LABELED"
"1834068674"	"EXPERIENCE"
"257515149"	"OPINION"
"1905944761"	"OPINION"
"275053332"	"FACT"
"795261213"	"NOT_LABELED"
"1444267053"	"EXPERIENCE"
"910528024"	"EXPERIENCE"
"890352272"	"EXPERIENCE"
"353636487"	"EXPERIENCE"
"2073385947"	"FACT"
"1663449838"	"OPINION"
"1041618501"	"NOT_LABELED"
"1400123803"	"NOT_LABELED"
"2040188263"	"FACT"
"599516619"	"OPINION"
"59951661911"	"OPINION"
"1433205206"	"NOT_LABELED"
"423544596"	"NOT_LABELED"
"1927341717"	"EXPERIENCE"
"177373798"	"FACT"
"558769495"	"FACT"
"1678819295"	"FACT"
"270690504"	"EXPERIENCE"
"27069050411"	"EXPERIENCE"
"31129456533"	"NOT_LABELED"
"2033144643"	"FACT"
"390086057"	"OPINION"
"709687145"	"OPINION"
"1879101763"	"EXPERIENCE"
"1828013591"	"EXPERIENCE"
"2065810067"	"EXPERIENCE"
"2103154199"	"EXPERIENCE"
"1214712653"	"EXPERIENCE"
"2634475"	"NOT_LABELED"
"1411138021"	"NOT_LABELED"
"2143868193"	"OPINION"
"1169091543"	"FACT"
"1162086574"	"FACT"
"1441733331"	"FACT"
"597648665"	"OPINION"
"1820592963"	"OPINION"
"1269685874"	"NOT_LABELED"
"1493632283"	"NOT_LABELED"
"497191977"	"EXPERIENCE"
"27380159"	"NOT_LABELED"
"296816908"	"NOT_LABELED"
"547396458"	"EXPERIENCE"
"1534990510"	"EXPERIENCE"
"753525109"	"OPINION"
"1093793583"	"OPINION"
"1865506768"	"FACT"
"24989539"	"OPINION"
"1308037340"	"OPINION"
"1773395385"	"NOT_LABELED"
"306911752"	"FACT"
"1539687104"	"OPINION"
"37707997"	"NOT_LABELED"
"1650221801"	"OPINION"
"1280269948"	"OPINION"
"592340413"	"NOT_LABELED"
"666306322"	"OPINION"
"725394286"	"OPINION"
"1371019640"	"NOT_LABELED"
"569155981"	"NOT_LABELED"
"2007448578"	"NOT_LABELED"
"752281920"	"OPINION"
"1296832368"	"EXPERIENCE"
"240071724"	"FACT"
"286269621"	"EXPERIENCE"
"1516961080"	"EXPERIENCE"
"328717976"	"EXPERIENCE"
"1833735673"	"OPINION"
"1410607360"	"NOT_LABELED"
"815642281"	"OPINION"
"960433479"	"OPINION"
"1423803463"	"FACT"
"888965391"	"FACT"
"180248256"	"OPINION"
"894201732"	"OPINION"
"818386018"	"OPINION"
"655754989"	"OPINION"
"319088625"	"OPINION"
"31129456534"	"NOT_LABELED"
"863744262"	"NOT_LABELED"
"1453919127"	"EXPERIENCE"
"2070248902"	"NOT_LABELED"
"1582982121"	"EXPERIENCE"
"1501034444"	"EXPERIENCE"
"235707669"	"EXPERIENCE"
"1472802931"	"EXPERIENCE"
"1471494300"	"EXPERIENCE"
"1519251526"	"EXPERIENCE"
"117574241"	"EXPERIENCE"
"1286443449"	"OPINION"
"1601155099"	"EXPERIENCE"
"1674073552"	"FACT"
"56016538"	"FACT"
"2117673992"	"FACT"
"1310647909"	"FACT"
"2091279072"	"OPINION"
"357286565"	"FACT"
"1748854575"	"NOT_LABELED"
"14332052062"	"NOT_LABELED"
"722621690"	"OPINION"
"892346580"	"EXPERIENCE"
"74174202"	"NOT_LABELED"
"311294552"	"NOT_LABELED"
"1855265051"	"OPINION"
"885526873"	"OPINION"
"1001389233"	"NOT_LABELED"
"1095717428"	"OPINION"
"1810973007"	"OPINION"
"229195229"	"FACT"
"1450414368"	"FACT"
"479490094"	"OPINION"
"1201267692"	"NOT_LABELED"
"1658662970"	"NOT_LABELED"
"1414684813"	"OPINION"
"261660498"	"NOT_LABELED"
"1626685892"	"NOT_LABELED"
"1928425178"	"OPINION"
"522058131"	"EXPERIENCE"
"974670530"	"OPINION"
"1255539612"	"EXPERIENCE"
"1673367660"	"OPINION"
"817891803"	"OPINION"
"1673523372"	"OPINION"
"1261236695"	"EXPERIENCE"
"2105931501"	"OPINION"
"1377085157"	"OPINION"
"1131549811"	"OPINION"
"1656828309"	"NOT_LABELED"
"21370681132"	"NOT_LABELED"
"1524425946"	"NOT_LABELED"
"449505296"	"FACT"
"913051270"	"OPINION"
"1052010106"	"FACT"
"1581008640"	"EXPERIENCE"
"750936285"	"EXPERIENCE"
"531348981"	"EXPERIENCE"
"180592702"	"EXPERIENCE"
"266104976"	"EXPERIENCE"
"1967755783"	"FACT"
"444066839"	"FACT"
"1436627464"	"OPINION"
"1926141597"	"OPINION"
"1115380886"	"NOT_LABELED"
"1040568540"	"OPINION"
"15183245"	"OPINION"
"1484944462"	"OPINION"
"2054544163"	"NOT_LABELED"
"155621020"	"NOT_LABELED"
"1839"	"NOT_LABELED"
"1307968981"	"EXPERIENCE"
"3112945522"	"NOT_LABELED"
"981226496"	"OPINION"
"315999169"	"FACT"
"657056108"	"OPINION"
"1629554080"	"OPINION"
"946276852"	"OPINION"
"473731816"	"OPINION"
"768291116"	"OPINION"
"720681150"	"NOT_LABELED"
"174982138"	"EXPERIENCE"
"867151111"	"OPINION"
"1417934636"	"EXPERIENCE"
"648817053"	"EXPERIENCE"
"579245635"	"OPINION"
"2044526118"	"OPINION"
"774764640"	"FACT"
"2132176572"	"NOT_LABELED"
"170649054"	"OPINION"
"1522648824"	"OPINION"
"263256455"	"EXPERIENCE"
"570397603"	"EXPERIENCE"
"1849006918"	"EXPERIENCE"
"1180274366"	"NOT_LABELED"
"41286598"	"NOT_LABELED"
"97262"	"NOT_LABELED"
"2146544562"	"EXPERIENCE"
"1552324721"	"EXPERIENCE"
"436716140"	"EXPERIENCE"
"1323871595"	"EXPERIENCE"
"1100232607"	"EXPERIENCE"
"1155949641"	"EXPERIENCE"
"285916357"	"EXPERIENCE"
"509143179"	"EXPERIENCE"
"1466021734"	"EXPERIENCE"
"1556553198"	"EXPERIENCE"
"286672938"	"EXPERIENCE"
"14106073602"	"NOT_LABELED"
"2113059601"	"NOT_LABELED"
"1534189935"	"OPINION"
"1953583631"	"OPINION"
"743941481"	"OPINION"
"1418697650"	"OPINION"
"18392"	"NOT_LABELED"
"369657961"	"EXPERIENCE"
"1094484228"	"EXPERIENCE"
"699794779"	"EXPERIENCE"
"604850318"	"EXPERIENCE"
"1008018793"	"FACT"
"1895255908"	"FACT"
"1790446210"	"OPINION"
"296676229"	"NOT_LABELED"
"591027433"	"OPINION"
"1092709910"	"OPINION"
"1569487267"	"OPINION"
"536793672"	"OPINION"
"1840759187"	"NOT_LABELED"
"2113575042"	"NOT_LABELED"
"1467621477"	"NOT_LABELED"
"172427276"	"FACT"
"1988569168"	"FACT"
"1066194903"	"EXPERIENCE"
"2146943405"	"OPINION"
"1957563177"	"NOT_LABELED"
"1605129786"	"NOT_LABELED"
"187137335"	"OPINION"
"1457433594"	"OPINION"
"1820748017"	"OPINION"
"12208040"	"OPINION"
"1833038020"	"OPINION"
"1858370107"	"NOT_LABELED"
"709414354"	"EXPERIENCE"
"610689500"	"EXPERIENCE"
"60674983"	"EXPERIENCE"
"431245969"	"EXPERIENCE"
"1331772641"	"FACT"
"2137112845"	"OPINION"
"2144930817"	"OPINION"
"1457286377"	"OPINION"
"860022598"	"OPINION"
"1835409360"	"OPINION"
"447072107"	"NOT_LABELED"
"296676216"	"NOT_LABELED"
"1869123790"	"EXPERIENCE"
"1091188817"	"EXPERIENCE"
"1097502777"	"EXPERIENCE"
"1004750051"	"FACT"
"1308305258"	"EXPERIENCE"
"2035610490"	"EXPERIENCE"
"1584569940"	"EXPERIENCE"
"1581435609"	"EXPERIENCE"
"828577535"	"EXPERIENCE"
"290521272"	"OPINION"
"355276762"	"OPINION"
"1660980221"	"OPINION"
"2137316482"	"OPINION"
"1144677266"	"OPINION"
"1055770250"	"FACT"
"893162685"	"OPINION"
"809780317"	"OPINION"
"1690285322"	"EXPERIENCE"
"1495894517"	"EXPERIENCE"
"1120336500"	"EXPERIENCE"
"1641269773"	"EXPERIENCE"
"1455101857"	"EXPERIENCE"
"549740687"	"OPINION"
"806168849"	"FACT"
"426713677"	"OPINION"
"514655684"	"OPINION"
"214807745"	"OPINION"
"2136290454"	"OPINION"
"888451255"	"OPINION"
"97086927"	"OPINION"
"192197947"	"OPINION"
"1592200492"	"NOT_LABELED"
"1162988493"	"FACT"
"305461281"	"EXPERIENCE"
"1834551191"	"OPINION"
"1752953252"	"EXPERIENCE"
"1947680764"	"EXPERIENCE"
"1597924104"	"OPINION"
"8676862642"	"NOT_LABELED"
"1861139192"	"OPINION"
"705877977"	"FACT"
"1574037539"	"OPINION"
"52737556"	"NOT_LABELED"
"527890094"	"NOT_LABELED"
"2062497279"	"OPINION"
"621527422"	"NOT_LABELED"
"1219706842"	"EXPERIENCE"
"1060492950"	"EXPERIENCE"
"1026776067"	"EXPERIENCE"
"266074331"	"FACT"
"2081141412"	"OPINION"
"595270619"	"OPINION"
"374639454"	"OPINION"
"1370111683"	"OPINION"
"357026958"	"NOT_LABELED"
"1856706048"	"EXPERIENCE"
"1113876556"	"EXPERIENCE"
"1181561008"	"EXPERIENCE"
"247194292"	"EXPERIENCE"
"591339982"	"EXPERIENCE"
"1712694390"	"FACT"
"1506275081"	"OPINION"
"130590630"	"OPINION"
"192907486"	"FACT"
"911976719"	"NOT_LABELED"
"795942794"	"FACT"
"1728031891"	"FACT"
"396543077"	"FACT"
"1297218234"	"OPINION"
"1548623475"	"OPINION"
"365160667"	"OPINION"
"1724281747"	"OPINION"
"867182691"	"NOT_LABELED"
"246137679"	"NOT_LABELED"
"994107068"	"OPINION"
"1677336066"	"OPINION"
"1574494696"	"OPINION"
"1681805608"	"FACT"
"1230290186"	"FACT"
"431371336"	"FACT"
"351295205"	"FACT"
"171623310"	"OPINION"
"143320520622"	"NOT_LABELED"
"1678936428"	"EXPERIENCE"
"2003899890"	"FACT"
"1483380640"	"FACT"
"329263696"	"OPINION"
"1099817452"	"EXPERIENCE"
"2966762292"	"NOT_LABELED"
"1818710939"	"FACT"
"102130753"	"FACT"
"1501818390"	"FACT"
"1372066530"	"FACT"
"286367704"	"FACT"
"1569854859"	"FACT"
"2092426263"	"OPINION"
"2140302557"	"NOT_LABELED"
"1867518096"	"NOT_LABELED"
"1529609706"	"OPINION"
"1980048256"	"OPINION"
"1716923313"	"FACT"
"1958330329"	"NOT_LABELED"
"40700452"	"NOT_LABELED"
"1836245647"	"OPINION"
"1192995216"	"OPINION"
"695798262"	"FACT"
"301594413"	"EXPERIENCE"
"1099188297"	"EXPERIENCE"
"1718632296"	"EXPERIENCE"
"1601156060"	"EXPERIENCE"
"288128148"	"EXPERIENCE"
"1750831443"	"EXPERIENCE"
"1624972942"	"EXPERIENCE"
"596685493"	"EXPERIENCE"
"77860423"	"FACT"
"1703995858"	"EXPERIENCE"
"561482844"	"EXPERIENCE"
"1649521099"	"EXPERIENCE"
"262096507"	"EXPERIENCE"
"1748066924"	"EXPERIENCE"
"1179474466"	"EXPERIENCE"
"1138157830"	"NOT_LABELED"
"127645710"	"OPINION"
"1735984562"	"FACT"
"727576276"	"OPINION"
"2340"	"NOT_LABELED"
"311294565223"	"NOT_LABELED"
"253848826"	"OPINION"
"328647200"	"EXPERIENCE"
"577982755"	"OPINION"
"1700127094"	"OPINION"
"629089878"	"OPINION"
"89858213"	"EXPERIENCE"
"1883986361"	"EXPERIENCE"
"317647290"	"EXPERIENCE"
"2117455694"	"EXPERIENCE"
"687646330"	"FACT"
"1257111547"	"NOT_LABELED"
"1828899364"	"NOT_LABELED"
"1236303866"	"OPINION"
"1443703862"	"EXPERIENCE"
"800520470"	"OPINION"
"1978660194"	"FACT"
"1438349473"	"FACT"
"1625119573"	"OPINION"
"282012432"	"OPINION"
"1381856024"	"OPINION"
"384393901"	"OPINION"
"480707123"	"OPINION"
"1326558710"	"EXPERIENCE"
"1068673054"	"EXPERIENCE"
"368972932"	"EXPERIENCE"
"898638523"	"EXPERIENCE"
"2016899921"	"NOT_LABELED"
"582840957"	"NOT_LABELED"
"1655701829"	"EXPERIENCE"
"917490958"	"OPINION"
"23402"	"NOT_LABELED"
"371382612"	"NOT_LABELED"
"2137068100"	"NOT_LABELED"
"346028708"	"EXPERIENCE"
"1589929095"	"EXPERIENCE"
"1831096411"	"EXPERIENCE"
"285790521"	"NOT_LABELED"
"1402436785"	"EXPERIENCE"
"1378388681"	"FACT"
"1633772740"	"EXPERIENCE"
"936023860"	"FACT"
"623550510"	"OPINION"
"755177697"	"OPINION"
"219896547"	"NOT_LABELED"
"1872969565"	"FACT"
"538952223"	"OPINION"
"1562509636"	"EXPERIENCE"
"859134688"	"FACT"
"247629535"	"OPINION"
"1202164928"	"OPINION"
"175042842"	"NOT_LABELED"
"42338658"	"EXPERIENCE"
"1789855975"	"EXPERIENCE"
"782339731"	"EXPERIENCE"
"1468390945"	"FACT"
"1387240668"	"OPINION"
"2124384404"	"OPINION"
"1770209802"	"OPINION"
"1095578480"	"EXPERIENCE"
"1148751793"	"EXPERIENCE"
"1647860878"	"OPINION"
"2001240527"	"OPINION"
"1579360111"	"OPINION"
"1743190357"	"OPINION"
"393582197"	"EXPERIENCE"
"1047905579"	"EXPERIENCE"
"1075730357"	"EXPERIENCE"
"2141163276"	"EXPERIENCE"
"525788035"	"OPINION"
"1521489014"	"NOT_LABELED"
"1613821183"	"OPINION"
"1879247529"	"FACT"
"1119747564"	"OPINION"
"450269665"	"OPINION"
"152191015"	"OPINION"
"1817280617"	"OPINION"
"32150399"	"OPINION"
"1750428422"	"NOT_LABELED"
"1939534655"	"EXPERIENCE"
"1106276103"	"EXPERIENCE"
"2102226916"	"EXPERIENCE"
"1695442953"	"OPINION"
"2001207093"	"OPINION"
"554097531"	"OPINION"
"849837280"	"FACT"
"1346336349"	"OPINION"
"869538952"	"OPINION"
"286444085"	"FACT"
"1816966407"	"FACT"
"293088184"	"FACT"
"1243729208"	"OPINION"
"835970169"	"OPINION"
"1793320716"	"FACT"
"21135750422"	"NOT_LABELED"
"17702098022"	"OPINION"
"10955784802"	"EXPERIENCE"
"11487517932"	"EXPERIENCE"
"16478608782"	"OPINION"
"20012405272"	"OPINION"
"15793601112"	"OPINION"
"17431903572"	"OPINION"
"3935821972"	"EXPERIENCE"
"10479055792"	"EXPERIENCE"
"10757303572"	"EXPERIENCE"
"21411632762"	"EXPERIENCE"
"5257880352"	"OPINION"
"15214890142"	"NOT_LABELED"
"784075779"	"FACT"
"1716529865"	"EXPERIENCE"
"1204201472"	"EXPERIENCE"
"886260958"	"OPINION"
"354929892"	"OPINION"
"284423614"	"NOT_LABELED"
"788824448"	"OPINION"
"1183469667"	"FACT"
"537495848"	"FACT"
"1138897396"	"OPINION"
"956023719"	"OPINION"
"1274196465"	"OPINION"
"1074178099"	"OPINION"
"943078707"	"OPINION"
"1832094990"	"FACT"
"211357504222"	"NOT_LABELED"
"1107066438"	"NOT_LABELED"
"964568750"	"OPINION"
"1901909897"	"FACT"
"905794881"	"NOT_LABELED"
"1297728127"	"OPINION"
"1955506531"	"OPINION"
"526674840"	"FACT"
"119548731"	"FACT"
"1325383983"	"EXPERIENCE"
"1003984716"	"EXPERIENCE"
"1641515828"	"EXPERIENCE"
"1082278023"	"NOT_LABELED"
"1005991218"	"EXPERIENCE"
"1274809112"	"FACT"
"1919453102"	"EXPERIENCE"
"363742816"	"FACT"
"1171927058"	"OPINION"
"1970631378"	"OPINION"
"1577134038"	"OPINION"
"1809654519"	"FACT"
"1721938714"	"OPINION"
"710311338"	"FACT"
"2079986640"	"OPINION"
"1172850370"	"OPINION"
"1057348614"	"OPINION"
"17504284222"	"NOT_LABELED"
"1223457183"	"EXPERIENCE"
"1058168520"	"FACT"
"2086925072"	"FACT"
"984331207"	"FACT"
"526373795"	"EXPERIENCE"
"814051225"	"FACT"
"1256409968"	"FACT"
"1357973689"	"OPINION"
"234652893"	"OPINION"
"318761242"	"FACT"
"248510237"	"FACT"
"1392319486"	"FACT"
"1483538377"	"OPINION"
"882128081"	"OPINION"
"2103016052"	"NOT_LABELED"
"701155170"	"FACT"
"1884016871"	"FACT"
"1826099422"	"EXPERIENCE"
"1102058022"	"FACT"
"1711536123"	"OPINION"
"1301532863"	"OPINION"
"1550914536"	"NOT_LABELED"
"117267320"	"EXPERIENCE"
"450462461"	"EXPERIENCE"
"2117825955"	"EXPERIENCE"
"240672020"	"EXPERIENCE"
"486502521"	"EXPERIENCE"
"1403472739"	"EXPERIENCE"
"363949048"	"EXPERIENCE"
"468084879"	"FACT"
"1729907563"	"FACT"
"21555404"	"FACT"
"2100624925"	"EXPERIENCE"
"1657039622"	"OPINION"
"1849537960"	"EXPERIENCE"
"515189796"	"NOT_LABELED"
"2141073585"	"FACT"
"12453627212"	"FACT"
"12322143211"	"FACT"
"501432412"	"FACT"
"763991487"	"OPINION"
"117037783"	"NOT_LABELED"
"613740522"	"NOT_LABELED"
"635750617"	"OPINION"
"643830451"	"EXPERIENCE"
"1308237156"	"OPINION"
"1102378694"	"EXPERIENCE"
"200910262"	"OPINION"
"20091026211"	"OPINION"
"1444837828"	"FACT"
"169462574"	"NOT_LABELED"
"1699467197"	"NOT_LABELED"
"1217557325"	"FACT"
"829598488"	"OPINION"
"502466638"	"EXPERIENCE"
"830188379"	"EXPERIENCE"
"1388205763"	"FACT"
"1644395052"	"EXPERIENCE"
"1361474653"	"OPINION"
"3423432342"	"OPINION"
"1864889785"	"OPINION"
"565692068"	"OPINION"
"1433205206222"	"NOT_LABELED"
"1082473215"	"NOT_LABELED"
"593723525"	"EXPERIENCE"
"1521007404"	"OPINION"
"1500674914"	"OPINION"
"547336843"	"FACT"
"75058620"	"FACT"
"1668911417"	"FACT"
"513439370"	"FACT"
"206354798"	"FACT"
"900987571"	"OPINION"
"113200225"	"NOT_LABELED"
"1606383588"	"FACT"
"820742501"	"FACT"
"1809439220"	"FACT"
"1494162804"	"FACT"
"561727243"	"FACT"
"1366852053"	"FACT"
"742347649"	"FACT"
"2129175487"	"FACT"
"62897367"	"FACT"
"1457406510"	"FACT"
"1527443784"	"FACT"
"581873026"	"EXPERIENCE"
"125054595"	"EXPERIENCE"
"836067605"	"FACT"
"1863446660"	"OPINION"
"2004562029"	"OPINION"
"1961621684"	"FACT"
"37032338"	"FACT"
"481548035"	"FACT"
"72493"	"NOT_LABELED"
"103258448"	"FACT"
"595987251"	"FACT"
"669179545"	"FACT"
"1176941028"	"FACT"
"581871935"	"FACT"
"1720485447"	"FACT"
"2016512704"	"EXPERIENCE"
"1934410799"	"FACT"
"1154697713"	"FACT"
"138194740"	"FACT"
"1201545935"	"FACT"
"1597602703"	"FACT"
"1893726723"	"FACT"
"1925896154"	"FACT"
"44162754"	"FACT"
"1432263948"	"FACT"
"154584627"	"FACT"
"1690568799"	"FACT"
"28363907"	"OPINION"
"225524585"	"FACT"
"177959985"	"OPINION"
"185245756"	"FACT"
"664344341"	"OPINION"
"768772863"	"OPINION"
"813046622"	"EXPERIENCE"
"433206050"	"EXPERIENCE"
"2085510238"	"FACT"
"765918576"	"FACT"
"867686277"	"NOT_LABELED"
"1965985106"	"EXPERIENCE"
"1609572357"	"EXPERIENCE"
"929515175"	"EXPERIENCE"
"1213276660"	"EXPERIENCE"
"1106332463"	"EXPERIENCE"
"1986504846"	"EXPERIENCE"
"716640418"	"EXPERIENCE"
"950190958"	"EXPERIENCE"
"1092436990"	"EXPERIENCE"
"1270390595"	"EXPERIENCE"
"1473977741"	"EXPERIENCE"
"832528475"	"EXPERIENCE"
"1572601787"	"EXPERIENCE"
"539281426"	"EXPERIENCE"
"1028754948"	"EXPERIENCE"
"1813513923"	"EXPERIENCE"
"1621380010"	"OPINION"
"1444913828"	"EXPERIENCE"
"1697662502"	"OPINION"
"642253599"	"OPINION"
"488223791"	"OPINION"
"1408161443"	"OPINION"
"196054867"	"OPINION"
"1385510409"	"OPINION"
"1407088066"	"OPINION"
"1948393844"	"NOT_LABELED"
"1788922570"	"OPINION"
"1928664350"	"OPINION"
"907659569"	"OPINION"
"560199523"	"OPINION"
"485802373"	"OPINION"
"444804405"	"NOT_LABELED"
"234035479"	"EXPERIENCE"
"107747505"	"NOT_LABELED"
"2136337468"	"NOT_LABELED"
"1571405929"	"OPINION"
"1381760063"	"EXPERIENCE"
"1480289459"	"EXPERIENCE"
"539257107"	"FACT"
"106241957"	"EXPERIENCE"
"1605567116"	"FACT"
"795795600"	"EXPERIENCE"
"484806445"	"OPINION"
"1532571418"	"OPINION"
"1730111321"	"OPINION"
"2091039161"	"OPINION"
"671102709"	"NOT_LABELED"
"2042319386"	"NOT_LABELED"
"537245091"	"FACT"
"1293842950"	"FACT"
"1944325208"	"FACT"
"1017199364"	"FACT"
"1686272538"	"FACT"
"1682013220"	"FACT"
"307667135"	"FACT"
"529315809"	"OPINION"
"840343980"	"OPINION"
"531407974"	"FACT"
"82251710"	"FACT"
"1366088972"	"EXPERIENCE"
"819213429"	"EXPERIENCE"
"1809380257"	"EXPERIENCE"
"531590232"	"EXPERIENCE"
"329440126"	"EXPERIENCE"
"497273837"	"EXPERIENCE"
"101931598"	"EXPERIENCE"
"1762484391"	"EXPERIENCE"
"1037134344"	"EXPERIENCE"
"1509951938"	"EXPERIENCE"
"1171369175"	"EXPERIENCE"
"314475665"	"EXPERIENCE"
"81244955"	"EXPERIENCE"
"304319182"	"EXPERIENCE"
"711391909"	"OPINION"
"296411690"	"OPINION"
"883679155"	"EXPERIENCE"
"579127191"	"EXPERIENCE"
"2120444809"	"FACT"
"651206875"	"OPINION"
"98173850"	"FACT"
"417011992"	"EXPERIENCE"
"243269308"	"EXPERIENCE"
"108473490"	"EXPERIENCE"
"1530297522"	"OPINION"
"1908870485"	"OPINION"
"425409226"	"EXPERIENCE"
"412537644"	"FACT"
"1097616142"	"FACT"
"1186875613"	"FACT"
"1470908546"	"NOT_LABELED"
"1630487256"	"OPINION"
"913498051"	"OPINION"
"122888522"	"FACT"
"1473288694"	"OPINION"
"1457043147"	"EXPERIENCE"
"1138018921"	"OPINION"
"600564680"	"EXPERIENCE"
"642723539"	"OPINION"
"1081609455"	"OPINION"
"777307189"	"OPINION"
"1095218456"	"EXPERIENCE"
"1984918612"	"OPINION"
"2135400889"	"OPINION"
"1294177003"	"OPINION"
"398623232"	"OPINION"
"1076971350"	"OPINION"
"1403019597"	"OPINION"
"872256465"	"OPINION"
"1081911455"	"OPINION"
"1528349452"	"FACT"
"1899615681"	"FACT"
"221540037"	"FACT"
"851425871"	"OPINION"
"89180662"	"OPINION"
"1170486137"	"FACT"
"94338909"	"NOT_LABELED"
"1493647712"	"NOT_LABELED"
"1701080676"	"NOT_LABELED"
"1653476755"	"NOT_LABELED"
"1847031046"	"NOT_LABELED"
"53793552"	"OPINION"
"557143313"	"OPINION"
"1688203622"	"OPINION"
"17213397"	"OPINION"
"2067631457"	"EXPERIENCE"
"1539200246"	"EXPERIENCE"
"1354462820"	"FACT"
"1722434218"	"OPINION"
"1845839047"	"FACT"
"941658061"	"FACT"
"1616326558"	"FACT"
"314388362"	"OPINION"
"469037742"	"NOT_LABELED"
"2198965472"	"NOT_LABELED"
"2040455292"	"OPINION"
"1554457298"	"OPINION"
"2067869104"	"OPINION"
"4690377422"	"NOT_LABELED"
"1112859599"	"NOT_LABELED"
"562847482"	"EXPERIENCE"
"1552065150"	"OPINION"
"858159686"	"EXPERIENCE"
"925548286"	"EXPERIENCE"
"1847863339"	"EXPERIENCE"
"2614463"	"EXPERIENCE"
"1338947813"	"OPINION"
"23423423423"	"EXPERIENCE"
"113952136"	"FACT"
"1151717616"	"OPINION"
"1858427243"	"FACT"
"676146306"	"FACT"
"1055669639"	"FACT"
"1735466308"	"EXPERIENCE"
"311294565222"	"NOT_LABELED"
"1441703498"	"OPINION"
"1220822976"	"EXPERIENCE"
"492847186"	"EXPERIENCE"
"119059088"	"FACT"
"827194135"	"FACT"
"808857708"	"FACT"
"1254147437"	"OPINION"
"1269000402"	"EXPERIENCE"
"857506350"	"EXPERIENCE"
"2079310848"	"NOT_LABELED"
"1496108920"	"OPINION"
"741971521"	"FACT"
"174555518"	"OPINION"
"1256911902"	"EXPERIENCE"
"1464137185"	"FACT"
"673528659"	"FACT"
"2028780393"	"EXPERIENCE"
"14807202"	"OPINION"
"65041780"	"OPINION"
"1028282054"	"OPINION"
"450062941"	"EXPERIENCE"
"1694685731"	"NOT_LABELED"
"1708702870"	"EXPERIENCE"
"1659723034"	"OPINION"
"1626302407"	"OPINION"
"374456174"	"OPINION"
"1208657989"	"EXPERIENCE"
"563646840"	"EXPERIENCE"
"795326046"	"EXPERIENCE"
"991562667"	"EXPERIENCE"
"495767140"	"EXPERIENCE"
"849085303"	"EXPERIENCE"
"435581989"	"NOT_LABELED"
"1696926664"	"EXPERIENCE"
"9879879878"	"EXPERIENCE"
"538789668"	"OPINION"
"2107978270"	"EXPERIENCE"
"672025363"	"EXPERIENCE"
"805372760"	"EXPERIENCE"
"870457514"	"EXPERIENCE"
"1482139142"	"EXPERIENCE"
"1611196666"	"OPINION"
"1887441161"	"NOT_LABELED"
"1838702361"	"OPINION"
"1671544415"	"OPINION"
"589253475"	"FACT"
"286196508"	"FACT"
"514016596"	"OPINION"
"1568247269"	"NOT_LABELED"
"1186134384"	"EXPERIENCE"
"332846680"	"EXPERIENCE"
"468127492"	"EXPERIENCE"
"632846475"	"EXPERIENCE"
"63284647511"	"EXPERIENCE"
"6328464712"	"OPINION"
"1485040389"	"EXPERIENCE"
"155122750"	"EXPERIENCE"
"1409413943"	"EXPERIENCE"
"1119126946"	"OPINION"
"1195676251"	"NOT_LABELED"
"2331184"	"NOT_LABELED"
"1169452023"	"OPINION"
"1185961405"	"FACT"
"1772157998"	"EXPERIENCE"
"731582607"	"EXPERIENCE"
"1168179321"	"EXPERIENCE"
"181626204"	"OPINION"
"523196775"	"OPINION"
"738076907"	"NOT_LABELED"
"2051161520"	"NOT_LABELED"
"109062569"	"OPINION"
"953417792"	"FACT"
"746729368"	"OPINION"
"1897341269"	"FACT"
"1222464340"	"FACT"
"1306487554"	"FACT"
"1829110781"	"FACT"
"1776353649"	"FACT"
"1181137710"	"FACT"
"378548804"	"FACT"
"492379291"	"FACT"
"859955802"	"FACT"
"1728154843"	"OPINION"
"1733348232"	"FACT"
"1738308517"	"OPINION"
"1793704421"	"OPINION"
"1262587555"	"FACT"
"1582110014"	"FACT"
"1201269408"	"FACT"
"1785271258"	"OPINION"
"2144611806"	"FACT"
"925787007"	"OPINION"
"719448698"	"OPINION"
"730955957"	"NOT_LABELED"
"913078230"	"FACT"
"792296376"	"FACT"
"612735692"	"FACT"
"1705446714"	"EXPERIENCE"
"212214706"	"EXPERIENCE"
"1168554539"	"FACT"
"1621926496"	"FACT"
"1192726728"	"FACT"
"647583244"	"FACT"
"1562914805"	"NOT_LABELED"
"1712947592"	"FACT"
"1132346776"	"OPINION"
"1564909428"	"FACT"
"6761463062"	"FACT"
"10556696392"	"FACT"
"17354663082"	"EXPERIENCE"
"1104935492"	"NOT_LABELED"
"3112945652222"	"NOT_LABELED"
"1784163674"	"EXPERIENCE"
"297670020"	"EXPERIENCE"
"422945684"	"EXPERIENCE"
"1131396203"	"EXPERIENCE"
"1656634257"	"EXPERIENCE"
"720930665"	"EXPERIENCE"
"1138607008"	"EXPERIENCE"
"121933810"	"EXPERIENCE"
"732335755"	"EXPERIENCE"
"1330946708"	"EXPERIENCE"
"980988051"	"EXPERIENCE"
"905034152"	"EXPERIENCE"
"1385244267"	"EXPERIENCE"
"1225833392"	"EXPERIENCE"
"1851510828"	"FACT"
"159705254"	"EXPERIENCE"
"2022963556"	"OPINION"
"341516443"	"OPINION"
"1197063641"	"OPINION"
"869120893"	"OPINION"
"816484406"	"OPINION"
"8671826912"	"NOT_LABELED"
